Feature,SHAP Importance
247,0.069439925
692,0.014767865
1157,0.014653285
1401,0.0113192415
1602,0.011213595
1197,0.011189179
1238,0.010008165
423,0.0097700525
921,0.009193699
1399,0.0082241865
1223,0.007924589
854,0.007875306
687,0.007562499
1084,0.0075523793
829,0.0072409147
991,0.0072000953
597,0.0071777957
1359,0.007005392
703,0.00688525
600,0.0067464393
1172,0.006399415
765,0.006393268
805,0.006271249
535,0.006173789
448,0.0061539803
330,0.0061184946
662,0.006092845
873,0.0060760006
501,0.0059601734
704,0.005916879
1549,0.0058775526
782,0.0058088345
646,0.0057938946
809,0.0057425234
1083,0.0057257796
357,0.0056725894
409,0.005660489
393,0.0056351395
963,0.0056167245
808,0.0055349907
540,0.005444162
1037,0.0054439437
735,0.0054335194
772,0.0053253835
374,0.0052945814
504,0.005268641
667,0.005262624
616,0.005224808
1352,0.0051919594
1574,0.005087849
432,0.0050075273
888,0.0049838196
1389,0.0048469775
652,0.0048371237
949,0.004793268
781,0.004781766
500,0.004762708
435,0.0047160676
1006,0.004711152
831,0.0046323636
512,0.004570533
405,0.004537395
1082,0.0045324652
1036,0.004529083
1267,0.0044961227
698,0.0044702906
635,0.0044457694
810,0.004440691
353,0.004417121
1569,0.004362993
1209,0.004267032
975,0.0042652623
458,0.0042565456
1094,0.0042406768
1316,0.0042370353
1575,0.0042263353
1432,0.0042145015
1396,0.004210833
1376,0.004199729
408,0.004131507
1300,0.0041201953
1053,0.0041046487
406,0.004077051
745,0.0040711146
494,0.0040365653
438,0.004024517
1063,0.004013969
583,0.004003386
755,0.00398074
721,0.00396697
618,0.0039667943
1005,0.0039599803
972,0.0039561144
584,0.00394281
1620,0.0039425134
1324,0.0039332933
503,0.0038954834
428,0.0038826428
910,0.0038683955
546,0.0038431138
1444,0.003826691
1606,0.0037924536
918,0.0037825678
632,0.003775623
538,0.0037592545
345,0.0037483496
671,0.0037480027
1414,0.003747687
1047,0.0037408094
350,0.003725956
498,0.0036998503
1156,0.0036887988
359,0.0036752196
596,0.0036751796
576,0.0036619538
778,0.00365589
569,0.0036468979
471,0.0036463195
602,0.0036284004
714,0.003620093
1371,0.0036155144
1583,0.0036154685
924,0.0035836229
1162,0.003576894
1362,0.0035547044
739,0.0035158372
1390,0.0034903814
1077,0.0034605337
785,0.0034520256
686,0.003440187
1608,0.0034219576
462,0.003418985
1039,0.0034061219
869,0.0033934223
475,0.003387464
472,0.0033832463
519,0.0033821247
1228,0.0033625148
1423,0.0033523266
681,0.0033522157
850,0.0033369567
1590,0.0033161393
445,0.0033081435
1516,0.0033038787
659,0.0032864786
731,0.0032782173
999,0.0032669972
1538,0.0032651578
919,0.0032611887
1355,0.0032465842
433,0.003241846
1222,0.0032413686
728,0.0032338097
492,0.003217461
696,0.0032143528
712,0.0032107118
1161,0.003209204
562,0.0032050447
1425,0.0032022214
488,0.003197181
727,0.0031904676
1556,0.003186082
1287,0.0031809846
1154,0.0031459115
1087,0.0031452049
720,0.0031407746
1617,0.003138846
1412,0.0031351638
880,0.003126575
1021,0.003116313
1286,0.0030842673
914,0.0030735086
1353,0.0030699782
563,0.003063635
989,0.0030635847
1257,0.0030384967
760,0.0030296457
511,0.0030288778
1521,0.0030166043
342,0.003004894
894,0.0030035719
1214,0.0029949956
601,0.0029898195
973,0.0029860842
1070,0.0029588845
777,0.0029585408
346,0.002954819
1561,0.0029503761
1044,0.0029205154
1463,0.0029184246
1035,0.0029145242
495,0.0028997154
814,0.0028992146
1049,0.0028972465
422,0.0028318015
1116,0.0028290679
877,0.0028201798
823,0.002810507
1281,0.0028019575
539,0.0027867623
335,0.0027668714
1031,0.0027277523
668,0.0027257192
1279,0.0027178065
641,0.002711128
1480,0.0026873988
794,0.0026799927
468,0.0026766113
581,0.002672846
1190,0.0026684648
1531,0.0026634405
852,0.0026620997
1140,0.0026598282
1043,0.0026281723
398,0.002626786
1200,0.0026189093
982,0.0026143743
1284,0.0026076285
749,0.0026044813
474,0.0026042678
730,0.0025833705
1248,0.00257722
740,0.002569932
967,0.0025612705
1504,0.002557647
542,0.0025526695
1601,0.0025501316
725,0.00254461
653,0.002538685
603,0.0025386587
657,0.0025339976
431,0.0025281003
1297,0.0024788184
715,0.002475933
1596,0.0024683822
611,0.0024666975
1510,0.0024633696
1278,0.002462972
833,0.0024563633
1524,0.0024449513
1349,0.002442505
365,0.0024334118
444,0.0024236424
588,0.0024173434
554,0.0024150577
929,0.0023941083
640,0.0023905684
1192,0.0023897036
1030,0.0023753555
909,0.0023671389
1619,0.0023645158
717,0.0023549753
1537,0.0023502647
1038,0.0023461902
1125,0.0023438088
713,0.002341076
824,0.002335532
452,0.0023349551
1417,0.0023342583
928,0.0023312836
1410,0.0023303025
392,0.0023294587
507,0.0023199965
1456,0.0023180302
1259,0.0023153413
528,0.0023148868
655,0.0023082658
1226,0.0023073277
837,0.0023068876
354,0.0022967497
497,0.002291111
487,0.0022775023
1476,0.0022728206
1199,0.0022712662
821,0.0022658305
352,0.0022576167
887,0.002251869
1089,0.0022487391
770,0.0022462446
1577,0.0022459123
553,0.0022446217
1181,0.0022388545
1104,0.0022348396
1147,0.002222515
780,0.0022168227
1060,0.0022098206
881,0.002206647
864,0.0022058315
960,0.0021984524
748,0.0021923613
1263,0.0021872441
1580,0.0021700526
339,0.0021670146
891,0.002165477
1485,0.0021647362
1025,0.0021627406
818,0.0021611815
404,0.0021551612
848,0.0021530958
815,0.0021505733
952,0.0021501705
465,0.0021493004
434,0.0021337096
1616,0.0021262583
1115,0.0021225892
711,0.0021142527
516,0.0021133702
786,0.0021073425
1179,0.0021051327
355,0.0020972048
917,0.0020905153
789,0.0020888841
677,0.0020822682
920,0.002079575
683,0.0020707469
855,0.0020597333
622,0.0020590315
473,0.002057205
840,0.0020544403
531,0.0020538352
965,0.0020535656
1557,0.0020511458
996,0.0020476207
557,0.0020419394
729,0.002034099
1607,0.0020335936
1450,0.0020265381
1388,0.0020171618
872,0.0020035107
1383,0.0019995007
1513,0.0019971286
1122,0.0019948243
1262,0.0019944606
586,0.0019889858
754,0.0019828067
1079,0.0019722835
1360,0.001966192
478,0.001966132
587,0.0019634033
377,0.001962136
1586,0.0019554594
1196,0.0019549534
591,0.0019516847
1559,0.001950192
759,0.0019452268
1573,0.0019442742
1113,0.0019347928
830,0.0019327782
1273,0.001927814
946,0.0019216638
1404,0.0019212412
1447,0.0019167209
1350,0.0019101825
1246,0.0019096273
1393,0.0019082067
1177,0.0019073747
1550,0.001903482
1290,0.0019030658
1213,0.0019026424
981,0.001898461
543,0.0018957322
1386,0.0018936933
1183,0.0018911968
1498,0.0018868521
1107,0.0018844652
1332,0.0018804729
351,0.0018775902
883,0.0018767671
1088,0.0018753031
1375,0.0018686228
633,0.0018667124
1391,0.0018635832
1244,0.0018572172
485,0.0018555186
674,0.0018553134
1151,0.0018545922
1129,0.0018493722
931,0.0018491677
362,0.0018480667
1152,0.0018476049
1501,0.0018415658
496,0.0018415236
1081,0.0018400598
589,0.0018397539
614,0.001839047
819,0.0018352987
477,0.001833715
1215,0.0018313106
329,0.0018296649
866,0.0018265628
1020,0.0018189414
1490,0.0018166625
1210,0.0018136696
1366,0.0018132443
997,0.0018077855
1208,0.0018051944
800,0.0018035794
933,0.0018031439
825,0.0018030772
1373,0.0018006207
689,0.0017972663
564,0.0017941621
1164,0.0017930422
758,0.0017892185
1337,0.001776852
510,0.0017744876
627,0.0017733952
364,0.001770839
550,0.0017707226
647,0.0017640842
1311,0.001759791
1310,0.0017593533
607,0.0017560374
756,0.0017528037
788,0.0017519788
1576,0.001750341
331,0.0017465752
1341,0.0017440297
615,0.0017436538
634,0.001738951
1076,0.0017340834
1408,0.0017308537
839,0.001729823
376,0.0017257447
1599,0.0017227575
1033,0.0017180349
938,0.0017145077
400,0.0017112147
922,0.0017103823
1103,0.0017079671
439,0.0017055159
457,0.0016938323
957,0.0016727216
1131,0.0016693736
797,0.0016690758
942,0.0016673382
853,0.0016608573
1217,0.0016487417
333,0.0016431047
1428,0.0016400508
454,0.0016367394
1028,0.0016366764
1488,0.0016304489
673,0.0016256995
1416,0.0016256854
723,0.0016112592
656,0.001610214
556,0.001609658
1317,0.0016075748
592,0.001607123
1059,0.0016057343
1065,0.0016044183
1502,0.001600731
585,0.0015969195
1363,0.0015892751
1467,0.0015888175
1163,0.0015871259
1135,0.0015854755
940,0.0015831306
1194,0.0015831088
1225,0.0015774808
1598,0.0015755281
1609,0.001575358
424,0.0015749126
453,0.0015722712
733,0.0015711507
1019,0.0015645531
992,0.0015581774
560,0.0015548824
617,0.0015452988
843,0.0015448598
1144,0.0015447021
1368,0.0015415282
534,0.001540615
951,0.0015368551
1299,0.0015368338
1442,0.0015364791
1542,0.0015329273
1000,0.001529473
1459,0.0015291222
505,0.0015275767
654,0.0015271495
1481,0.0015222878
871,0.0015202125
1304,0.0015175178
1309,0.0015125882
577,0.0015123991
663,0.0015102214
1509,0.0015040672
1567,0.0014970214
879,0.0014949393
1418,0.0014896899
1547,0.0014846984
944,0.0014844857
1387,0.0014823849
1221,0.0014699784
980,0.0014696044
813,0.0014672937
1119,0.0014640281
961,0.0014627896
691,0.0014548008
1013,0.0014544805
898,0.001452923
372,0.0014519029
1321,0.0014513152
1003,0.0014386944
1585,0.0014320487
1394,0.001424285
1560,0.0014146237
705,0.0014101818
907,0.0014097408
1241,0.001408348
481,0.0014070638
455,0.0014044596
1584,0.001397787
1512,0.001392123
776,0.0013858587
1170,0.0013846031
530,0.0013841238
1346,0.0013830693
1270,0.0013829794
529,0.0013767332
1487,0.001371678
1293,0.0013711391
506,0.0013645634
893,0.0013630996
1271,0.0013614397
555,0.0013598229
631,0.0013543029
817,0.0013525615
1106,0.0013472139
1570,0.0013463101
1216,0.0013433282
868,0.0013427286
1186,0.0013417926
371,0.0013406886
811,0.0013405342
1338,0.0013367501
349,0.0013298736
1048,0.0013248278
378,0.0013231519
769,0.0013226809
771,0.00131956
571,0.0013150964
884,0.0013108025
978,0.0012909531
1325,0.0012901898
787,0.001290031
1466,0.001289664
971,0.0012887763
1242,0.0012884226
334,0.0012857533
1622,0.0012848041
363,0.0012840424
1440,0.0012838981
737,0.0012833794
1477,0.0012830942
561,0.001281913
383,0.0012819071
861,0.0012795953
629,0.0012772487
580,0.0012715498
1064,0.0012667213
1068,0.0012588465
1175,0.0012582104
1479,0.0012576283
1055,0.0012488492
482,0.0012488392
1496,0.0012482081
1291,0.0012477909
1253,0.0012452826
1022,0.0012450237
1429,0.0012444765
666,0.0012404366
1329,0.0012355002
565,0.0012344358
856,0.0012328306
1593,0.0012325295
1335,0.0012305722
1544,0.0012298565
412,0.0012272226
598,0.0012267504
1121,0.0012262856
863,0.0012246696
744,0.0012220348
865,0.0012219007
1132,0.0012198251
1320,0.0012155138
926,0.0012118357
1054,0.0012092319
1093,0.0012075318
420,0.0012067998
948,0.0012062194
419,0.0012016529
1090,0.0012004076
1067,0.0011984638
1233,0.0011972131
716,0.0011946813
379,0.0011921334
1130,0.0011900081
1407,0.0011891712
876,0.0011863819
1004,0.0011844039
935,0.0011750754
1587,0.0011744042
1334,0.0011736256
1041,0.0011710286
394,0.001170213
544,0.0011690904
804,0.0011676674
1260,0.0011673749
456,0.0011630077
368,0.0011624376
959,0.0011591677
925,0.0011591674
548,0.0011574819
401,0.0011562894
551,0.0011561789
1078,0.0011553819
1403,0.0011547137
1578,0.0011547017
1528,0.0011535756
390,0.0011535219
417,0.0011532807
624,0.001152013
1511,0.001150187
625,0.0011500877
1424,0.0011497748
988,0.001148232
1150,0.0011444491
761,0.0011437971
1615,0.0011397969
593,0.0011369055
1240,0.0011364408
1045,0.0011357929
684,0.0011335282
1050,0.0011333199
796,0.0011324898
1002,0.0011321006
930,0.0011305503
630,0.0011296502
1100,0.0011288779
1354,0.0011286995
950,0.0011250539
1491,0.0011233984
1500,0.0011215677
1422,0.0011192964
367,0.0011175612
1458,0.0011173519
867,0.0011141755
493,0.001114013
382,0.0011135128
1205,0.0011072379
987,0.0011067814
347,0.0011054272
1160,0.0011048835
1614,0.0011048473
906,0.0011048354
373,0.0011029203
858,0.0011019526
1351,0.0011018835
1052,0.0010976731
1146,0.0010957659
380,0.0010956911
1189,0.0010942807
1142,0.0010902364
724,0.001089304
1275,0.0010881244
1540,0.0010876243
932,0.0010777973
484,0.0010708983
518,0.0010704956
1402,0.0010694136
1328,0.0010690939
1101,0.0010678611
1235,0.001067695
1071,0.0010625112
1395,0.0010595563
826,0.0010565767
1016,0.001050322
361,0.0010502787
901,0.0010499355
536,0.001049816
838,0.0010498014
429,0.0010497508
895,0.0010481708
570,0.0010475863
699,0.0010468794
489,0.0010453083
773,0.001044373
862,0.0010435804
1159,0.0010413469
1249,0.0010394615
998,0.0010372173
1010,0.0010362803
939,0.0010320537
902,0.001028183
845,0.0010267039
1229,0.0010234688
1525,0.0010210574
694,0.0010190598
953,0.0010186703
934,0.0010144308
964,0.0010129472
1336,0.0010109318
1588,0.0010107387
360,0.0010095636
521,0.0010089362
605,0.0010088928
1374,0.0010082689
941,0.0010075761
1008,0.001007434
391,0.0010050297
386,0.0010024417
1302,0.0010006538
541,0.0009982839
792,0.000989931
1141,0.0009895656
338,0.0009874679
885,0.0009854136
1011,0.0009822174
983,0.000976536
802,0.0009747331
437,0.0009726689
1057,0.0009690953
446,0.00096755725
767,0.0009647717
841,0.0009634226
1095,0.00096280896
1409,0.00095605076
1527,0.00095414417
1420,0.00095356716
1110,0.00095182355
1411,0.0009501366
1530,0.00094732014
1145,0.00094723783
1137,0.0009466134
1464,0.00094591663
889,0.000941418
1471,0.0009408549
793,0.00094007753
343,0.00093826064
1571,0.0009376322
1367,0.0009365241
1535,0.00093501975
621,0.0009335459
1133,0.00093174307
986,0.00092872186
791,0.00092660385
1468,0.0009248743
956,0.0009240198
1533,0.00092309463
606,0.0009227828
1109,0.0009223991
1245,0.0009223642
1405,0.000920515
476,0.0009189722
1460,0.00091881806
1148,0.00091819995
1168,0.00091814104
1184,0.0009170399
746,0.0009159019
958,0.0009148998
1046,0.0009145096
1056,0.0009134719
1289,0.0009134366
1185,0.00091120834
851,0.0009108423
1114,0.0009096391
1406,0.0009061037
1514,0.0009048622
1435,0.0009048398
1618,0.0009046569
1453,0.000902354
499,0.0009020054
336,0.0008998725
806,0.0008976774
719,0.00089724414
537,0.00089582056
1554,0.00089247886
1526,0.0008911119
1507,0.0008894116
947,0.00088595395
1381,0.0008837531
440,0.0008837247
509,0.0008801037
416,0.0008786291
545,0.00087463344
1001,0.0008702428
590,0.00086537254
1126,0.0008620106
1203,0.00086188636
954,0.00086154765
1519,0.00085856434
1092,0.0008573664
1551,0.00085671054
1012,0.00085420767
1364,0.00085369835
812,0.00085175585
1027,0.00085165084
1475,0.00085161166
1201,0.0008514313
1176,0.00085096125
1124,0.0008497972
522,0.00084761076
670,0.0008469727
1155,0.0008469472
706,0.00084574876
1433,0.00084117264
533,0.00083977706
1438,0.0008356952
426,0.0008350095
718,0.000834916
682,0.00083466584
915,0.0008328282
984,0.00083144935
410,0.0008298867
1604,0.00082787575
913,0.00082666206
1581,0.00082499906
1518,0.0008229682
1563,0.0008171786
766,0.00081652525
418,0.00081586407
1539,0.00081021717
515,0.0008092767
1277,0.00080808747
490,0.00080800214
1397,0.0008073905
396,0.00080350647
1413,0.0008016325
1034,0.00079929543
651,0.00079780474
1357,0.0007943926
523,0.0007918118
1165,0.0007896364
1369,0.0007877011
1452,0.0007863349
549,0.00078430615
1430,0.0007821844
827,0.0007793786
857,0.00077931496
1486,0.0007767005
527,0.0007760145
672,0.0007757658
514,0.0007682894
1171,0.00076483696
1436,0.0007648189
900,0.0007609036
645,0.00075858907
1268,0.00075843267
1158,0.0007565276
1091,0.0007557423
751,0.00075324724
1365,0.00075296045
1536,0.0007520027
1224,0.0007519521
836,0.00074943365
738,0.00074940413
995,0.0007486486
1074,0.0007462197
1173,0.0007450569
849,0.0007422883
1015,0.00074061163
1448,0.00073889823
491,0.00073872716
1301,0.0007384675
1454,0.0007383997
874,0.0007370427
945,0.00073387363
610,0.0007328001
1610,0.0007314625
820,0.0007284577
1455,0.000725484
470,0.0007247699
1261,0.00072084187
397,0.0007207732
896,0.00072071335
911,0.0007205542
385,0.0007120677
669,0.00071021036
1099,0.0007053893
660,0.0007045933
882,0.00070409465
688,0.00070391595
1285,0.000703822
1461,0.0007036687
1102,0.0007030964
807,0.0006944839
1313,0.0006923095
1153,0.0006914799
757,0.0006914129
608,0.0006876138
943,0.000679871
1264,0.00067753124
847,0.0006761035
842,0.0006724093
1149,0.0006720748
1566,0.00067171623
1548,0.0006706658
567,0.0006695925
1218,0.00066862983
1231,0.00066715764
1472,0.0006644366
1330,0.00066312624
1211,0.00065985153
1230,0.00065963337
790,0.00065936334
1026,0.00065766484
1283,0.00065604603
799,0.0006550158
502,0.0006503479
1398,0.0006435274
1478,0.0006423072
568,0.00064214104
1426,0.0006376262
936,0.0006363287
1169,0.00063535
7,0.00063533324
1294,0.0006333453
1086,0.0006323077
1484,0.0006307155
1018,0.00062982726
750,0.00062684907
1138,0.0006245524
344,0.0006220258
1553,0.0006201381
779,0.00061481947
1545,0.0006098713
636,0.00060805574
1139,0.00060391903
870,0.0006025142
578,0.0006009933
619,0.0005998405
844,0.0005983079
341,0.0005971548
579,0.0005960344
798,0.00059589377
762,0.0005956905
1345,0.0005942446
1505,0.00059387344
575,0.0005923243
937,0.0005919567
1188,0.00058860244
732,0.00058775424
574,0.0005871514
1007,0.0005829902
1534,0.00057568814
414,0.0005731496
1482,0.0005716507
526,0.0005701012
1446,0.0005699603
1017,0.0005694537
741,0.0005680299
710,0.00056517974
1612,0.00056495867
903,0.00056285283
1305,0.0005603627
1265,0.00055953313
1174,0.0005585339
1298,0.0005565142
1308,0.0005548307
878,0.0005528447
1282,0.00055046333
1582,0.0005502521
1506,0.0005499936
1517,0.0005499744
1178,0.0005477953
332,0.00054370536
626,0.0005418143
1111,0.00054110715
795,0.0005354315
1419,0.00053511
1236,0.0005328446
1112,0.00053260423
464,0.00052946125
1377,0.00052618183
886,0.0005242484
1340,0.00052332296
573,0.000522777
524,0.00051867636
642,0.00051792857
1180,0.0005171633
923,0.0005146491
969,0.00051296543
768,0.0005118358
1098,0.0005111344
783,0.0005090116
1594,0.00050885155
459,0.0005075867
1489,0.0005066741
1219,0.00050523394
1508,0.00050281506
828,0.0005026236
1024,0.000500136
904,0.0004987323
822,0.0004973774
638,0.00049619033
1605,0.0004954795
702,0.00049524626
525,0.0004947485
709,0.0004940968
1503,0.0004925637
395,0.0004912056
1327,0.0004807951
1127,0.00048011148
734,0.00047990715
1469,0.0004766285
665,0.0004755208
1266,0.0004686393
1343,0.0004669311
1237,0.0004663446
1495,0.0004652035
685,0.0004643236
775,0.00045742936
1272,0.0004556154
337,0.00045363334
381,0.00045082258
1591,0.0004505874
1493,0.0004467632
708,0.0004456945
1558,0.00043922526
1303,0.00043461125
513,0.000434097
690,0.0004339731
620,0.00043234153
1166,0.00043191024
559,0.00042862265
411,0.00042815774
722,0.00042401682
832,0.00042077323
985,0.00041954566
532,0.0004187927
604,0.000418135
1252,0.0004179313
466,0.000417745
648,0.0004145379
447,0.00041276572
520,0.0004120271
628,0.000411015
1202,0.0004104596
905,0.000410269
747,0.00040924043
1445,0.00040850352
1323,0.00040814865
1441,0.00040696617
1198,0.0004053632
415,0.00040520358
774,0.00039845987
51,0.0003980313
1243,0.0003953869
1251,0.00039360367
366,0.00038768988
678,0.00038622424
1315,0.0003860448
1247,0.00038543646
1207,0.00038192273
1326,0.00038096198
1379,0.0003806331
558,0.00037857002
846,0.00037774918
340,0.00037600394
1595,0.000374547
1239,0.0003737326
427,0.00037316923
1400,0.00037193054
763,0.00036989333
1565,0.0003680514
413,0.00036742966
993,0.00036588556
697,0.00036529353
927,0.0003646303
402,0.0003622268
912,0.00036018962
1451,0.00035876437
1042,0.0003528788
970,0.00034986035
1250,0.00034776653
1274,0.00034605095
508,0.00034497902
358,0.00034298567
966,0.0003392287
463,0.00033915238
1449,0.00033658894
1600,0.00033592203
1075,0.0003353049
1473,0.00033442074
1318,0.0003326108
1427,0.00033185584
676,0.0003317594
1522,0.0003312106
552,0.00033005676
1439,0.00032945463
450,0.00032862742
460,0.00032807418
388,0.0003260551
1589,0.00032374696
407,0.00032252292
1520,0.00032248438
801,0.00032160216
816,0.00031901142
1312,0.0003159034
644,0.00031551495
661,0.00030856
1032,0.00030578088
1014,0.0003039127
572,0.00030004367
1204,0.00030000543
1108,0.0002966038
517,0.0002898978
1372,0.00028948445
1128,0.00028863963
1431,0.00028819687
860,0.00028446165
1541,0.00028241889
1120,0.0002787523
1306,0.00027203036
753,0.0002711707
1167,0.00026532513
1319,0.00026438074
1136,0.000261245
369,0.00026066077
1437,0.00025999625
1212,0.0002596403
441,0.0002584102
1572,0.00025640777
803,0.0002542827
599,0.00025383072
1066,0.0002511509
955,0.00024873595
1434,0.00024486473
594,0.00024435986
1499,0.00024335395
643,0.00024319143
742,0.00024117992
976,0.00023976107
1117,0.00023888877
1191,0.00023553647
1123,0.00023464882
637,0.00023452936
1568,0.00023136091
29,0.00022644487
1465,0.00022421691
1597,0.0002220152
859,0.00021962312
1276,0.00021937214
994,0.0002186152
1361,0.00021593856
430,0.00021522563
436,0.00021521338
387,0.00021470702
707,0.00021453797
451,0.00021317338
328,0.00021201109
595,0.00021167126
1474,0.00021111396
483,0.00020847515
1592,0.00020844043
1384,0.0002072155
1562,0.00020584803
1462,0.00020439373
899,0.00020416026
835,0.00019847065
30,0.00019555913
479,0.00019493973
1187,0.00019226773
1392,0.00019145096
1552,0.00019048178
403,0.00019025846
582,0.00018902897
421,0.00018787965
1234,0.00018755435
609,0.00018479722
469,0.00018346396
1058,0.00018234561
1193,0.0001820381
1227,0.00017987638
1494,0.00017873982
977,0.00017690205
875,0.00017400742
916,0.0001714996
1348,0.00017123995
176,0.00016894861
908,0.00016130648
348,0.00015963468
1288,0.00015785081
743,0.00015778745
1347,0.0001551095
675,0.00015464079
1256,0.00015322372
1314,0.00015163222
1603,0.00014961426
1040,0.00014947388
1621,0.00014777963
612,0.0001466089
1358,0.00014563682
1515,0.00014541544
679,0.00014457444
726,0.00014305521
1523,0.00014278933
8,0.00014148699
1421,0.00014054426
1073,0.00013976544
695,0.00013970087
700,0.00013792257
1339,0.0001378579
1543,0.00013377941
1062,0.0001329443
59,0.00013055865
1555,0.00012638989
375,0.00012385983
892,0.000123525
547,0.00012245325
1280,0.00012084937
71,0.00012080962
974,0.00012052202
1385,0.00012047449
2,0.00011975503
1023,0.000115974246
1492,0.00011563582
15,0.00011364555
1331,0.000112621805
144,0.00011257265
693,0.00011207518
16,0.00011194975
1195,0.00011159175
34,0.00011058779
658,0.00011011364
136,0.000109128036
1220,0.000103983875
1069,0.00010180225
1613,0.00010179318
1532,0.00010171125
23,0.000100527956
442,9.9439865e-05
1483,9.9323035e-05
399,9.450915e-05
13,9.3622075e-05
1105,9.294825e-05
1529,9.266254e-05
1370,9.221475e-05
389,9.116012e-05
1,8.967978e-05
384,8.94704e-05
680,8.878896e-05
1443,8.851283e-05
613,8.685348e-05
1232,8.497718e-05
0,8.388589e-05
65,8.3281266e-05
890,8.298063e-05
32,8.243103e-05
5,8.216779e-05
3,8.135819e-05
1096,8.0005004e-05
10,7.945438e-05
204,7.443835e-05
115,7.260226e-05
1307,7.2331524e-05
1382,7.1926945e-05
764,7.1523966e-05
1322,7.116184e-05
4,7.1095616e-05
1009,6.9952686e-05
664,6.969983e-05
125,6.924171e-05
1269,6.865596e-05
461,6.6737004e-05
99,6.662068e-05
11,6.5909786e-05
1356,6.571167e-05
650,6.537878e-05
43,6.475286e-05
1206,6.425509e-05
80,6.370635e-05
1292,6.300625e-05
47,6.227481e-05
21,6.2235995e-05
41,6.0146256e-05
45,5.8719204e-05
356,5.8715283e-05
1118,5.7139976e-05
19,5.4110973e-05
12,5.148051e-05
67,5.0892024e-05
92,4.982309e-05
20,4.960513e-05
81,4.9083184e-05
53,4.7906913e-05
52,4.7467474e-05
639,4.6227513e-05
1457,4.5841138e-05
17,4.5819575e-05
449,4.5779838e-05
54,4.554198e-05
156,4.544667e-05
180,4.4989276e-05
1134,4.4926233e-05
164,4.4049873e-05
89,4.400809e-05
135,4.3646673e-05
1255,4.3417884e-05
82,4.253435e-05
18,4.2034793e-05
64,4.2004824e-05
69,4.1261992e-05
248,3.98915e-05
701,3.926216e-05
31,3.918056e-05
120,3.9116247e-05
280,3.8692728e-05
25,3.681844e-05
68,3.6788686e-05
129,3.650005e-05
39,3.641403e-05
443,3.5377707e-05
112,3.5181834e-05
96,3.510867e-05
117,3.455966e-05
24,3.4053082e-05
61,3.353381e-05
83,3.333749e-05
66,3.3132746e-05
111,3.270974e-05
219,3.212705e-05
33,3.2043663e-05
78,3.1218926e-05
153,3.111764e-05
9,3.0912837e-05
1333,3.069067e-05
1546,3.0534033e-05
106,3.0308887e-05
130,3.001685e-05
191,2.9496794e-05
272,2.9297476e-05
108,2.902975e-05
566,2.8845467e-05
480,2.8674336e-05
55,2.8070222e-05
1143,2.7821778e-05
86,2.7026748e-05
119,2.6409909e-05
36,2.6290805e-05
283,2.5935598e-05
263,2.5873947e-05
752,2.5836727e-05
26,2.3886969e-05
22,2.3500621e-05
88,2.3301096e-05
649,2.2822549e-05
168,2.2748101e-05
74,2.2546083e-05
76,2.1342397e-05
57,2.113601e-05
227,2.090267e-05
79,2.0788864e-05
149,2.0373369e-05
62,1.9416748e-05
14,1.9335048e-05
152,1.9110283e-05
101,1.8920597e-05
150,1.7680348e-05
161,1.7399392e-05
27,1.729686e-05
126,1.7174616e-05
133,1.6719561e-05
188,1.6672064e-05
48,1.6124142e-05
212,1.5811964e-05
288,1.5695858e-05
962,1.5536247e-05
113,1.5490421e-05
84,1.5211891e-05
58,1.4993739e-05
42,1.4895856e-05
72,1.4757243e-05
114,1.4534472e-05
93,1.3955517e-05
40,1.3560422e-05
63,1.3455141e-05
6,1.2464245e-05
158,1.198624e-05
124,1.1660497e-05
77,1.127438e-05
154,1.0693547e-05
35,1.0572392e-05
91,1.019176e-05
139,1.0171433e-05
319,9.732524e-06
236,9.04835e-06
60,6.7365872e-06
163,6.59852e-06
138,6.523699e-06
146,5.963494e-06
203,5.937769e-06
37,5.175814e-06
28,4.5413303e-06
38,4.245448e-06
95,3.964787e-06
264,3.8129765e-06
195,3.6861288e-06
220,3.3993726e-06
304,3.3744261e-06
211,1.2841326e-06
281,0.0
262,0.0
265,0.0
282,0.0
277,0.0
266,0.0
279,0.0
276,0.0
275,0.0
274,0.0
273,0.0
49,0.0
50,0.0
271,0.0
270,0.0
46,0.0
1497,0.0
269,0.0
278,0.0
268,0.0
267,0.0
44,0.0
140,0.0
308,0.0
897,0.0
323,0.0
1564,0.0
313,0.0
314,0.0
315,0.0
316,0.0
317,0.0
318,0.0
1579,0.0
320,0.0
321,0.0
322,0.0
324,0.0
284,0.0
325,0.0
326,0.0
327,0.0
784,0.0
370,0.0
736,0.0
425,0.0
1611,0.0
467,0.0
623,0.0
486,0.0
312,0.0
834,0.0
311,0.0
310,0.0
285,0.0
286,0.0
287,0.0
289,0.0
290,0.0
291,0.0
292,0.0
293,0.0
294,0.0
295,0.0
296,0.0
297,0.0
298,0.0
299,0.0
300,0.0
301,0.0
302,0.0
303,0.0
305,0.0
306,0.0
307,0.0
260,0.0
309,0.0
261,0.0
230,0.0
259,0.0
183,0.0
109,0.0
110,0.0
187,0.0
186,0.0
185,0.0
184,0.0
182,0.0
1342,0.0
181,0.0
179,0.0
178,0.0
177,0.0
116,0.0
175,0.0
189,0.0
190,0.0
56,0.0
102,0.0
1097,0.0
198,0.0
98,0.0
197,0.0
100,0.0
196,0.0
194,0.0
1344,0.0
103,0.0
104,0.0
193,0.0
105,0.0
192,0.0
107,0.0
174,0.0
173,0.0
172,0.0
137,0.0
131,0.0
157,0.0
155,0.0
132,0.0
134,0.0
151,0.0
148,0.0
118,0.0
147,0.0
1258,0.0
1254,0.0
145,0.0
143,0.0
142,0.0
159,0.0
160,0.0
128,0.0
127,0.0
162,0.0
165,0.0
1295,0.0
1296,0.0
123,0.0
166,0.0
122,0.0
121,0.0
167,0.0
1182,0.0
169,0.0
170,0.0
171,0.0
97,0.0
199,0.0
200,0.0
237,0.0
243,0.0
242,0.0
241,0.0
240,0.0
239,0.0
238,0.0
235,0.0
228,0.0
234,0.0
233,0.0
232,0.0
231,0.0
141,0.0
229,0.0
990,0.0
244,0.0
245,0.0
246,0.0
979,0.0
249,0.0
250,0.0
251,0.0
252,0.0
1470,0.0
253,0.0
968,0.0
254,0.0
255,0.0
256,0.0
257,0.0
258,0.0
1029,0.0
226,0.0
202,0.0
90,0.0
1072,0.0
209,0.0
208,0.0
207,0.0
85,0.0
87,0.0
1080,0.0
225,0.0
206,0.0
205,0.0
1380,0.0
1378,0.0
1085,0.0
94,0.0
210,0.0
1061,0.0
213,0.0
214,0.0
215,0.0
1051,0.0
216,0.0
75,0.0
1415,0.0
73,0.0
217,0.0
218,0.0
221,0.0
222,0.0
70,0.0
223,0.0
224,0.0
201,0.0
